Workbook

Sheet 0. SPA ĐANG GIỮ KHÁCH THẾ NÀO
A1: 🎁 7 VIỆC GIỮ KHÁCH QUAY LẠI VỚI SPA
A2: Xem khách đang thuộc về spa chị — hay thuộc về trí nhớ của một người · Đàm Thanh Hoa
A4: BƯỚC 1 — TRẢ LỜI 7 CÂU (5 PHÚT) Chọn ở cột B. Nếu chọn “Có” thì chọn tiếp cột C.
A5: 7 việc giữ khách quay lại | B5: Spa chị có làm không? | C5: Việc này đang được làm thế nào? | D5: Kết quả
A6: 1. SỔ KHÁCH — Spa chị có chỗ ghi lại từng khách: tên, số điện thoại, lần trước làm gì, da thế nào, thích gì không? | B6: Có | C6: Chưa ghi lại — chỉ một người nhớ rồi làm | D6: =IF(B6="","⚪ Chưa trả lời",IF(B6="Chưa","🔴 SPA CHƯA LÀM VIỆC GIỮ KHÁCH NÀY",IF(C6="","⚪ Chọn nốt cột C",IF(C6="Đã thành quy trình — có ghi lại, ai làm cũng theo được","🟢 CÓ QUY TRÌNH — AI LÀM CŨNG ĐƯỢC","🟡 CÓ LÀM — NHƯNG PHỤ THUỘC TRÍ NHỚ MỘT NGƯỜI"))))
A7: 2. CHỐT LỊCH HẸN LẦN SAU — Trước khi khách bước ra khỏi cửa, spa có hẹn luôn ngày quay lại cho khách không? | B7: Chưa | D7: =IF(B7="","⚪ Chưa trả lời",IF(B7="Chưa","🔴 SPA CHƯA LÀM VIỆC GIỮ KHÁCH NÀY",IF(C7="","⚪ Chọn nốt cột C",IF(C7="Đã thành quy trình — có ghi lại, ai làm cũng theo được","🟢 CÓ QUY TRÌNH — AI LÀM CŨNG ĐƯỢC","🟡 CÓ LÀM — NHƯNG PHỤ THUỘC TRÍ NHỚ MỘT NGƯỜI"))))
A8: 3. CHĂM SÓC SAU DỊCH VỤ — Một hai ngày sau khi khách làm xong, có ai nhắn hỏi da khách ổn không? | B8: Có | C8: Chưa ghi lại — chỉ một người nhớ rồi làm | D8: =IF(B8="","⚪ Chưa trả lời",IF(B8="Chưa","🔴 SPA CHƯA LÀM VIỆC GIỮ KHÁCH NÀY",IF(C8="","⚪ Chọn nốt cột C",IF(C8="Đã thành quy trình — có ghi lại, ai làm cũng theo được","🟢 CÓ QUY TRÌNH — AI LÀM CŨNG ĐƯỢC","🟡 CÓ LÀM — NHƯNG PHỤ THUỘC TRÍ NHỚ MỘT NGƯỜI"))))
A9: 4. NHẮC KHÁCH TỚI KỲ CHĂM SÓC TIẾP — Tới kỳ khách cần quay lại, có ai nhắc khách — hay đợi khách tự nhớ? | B9: Chưa | D9: =IF(B9="","⚪ Chưa trả lời",IF(B9="Chưa","🔴 SPA CHƯA LÀM VIỆC GIỮ KHÁCH NÀY",IF(C9="","⚪ Chọn nốt cột C",IF(C9="Đã thành quy trình — có ghi lại, ai làm cũng theo được","🟢 CÓ QUY TRÌNH — AI LÀM CŨNG ĐƯỢC","🟡 CÓ LÀM — NHƯNG PHỤ THUỘC TRÍ NHỚ MỘT NGƯỜI"))))
A10: 5. NHỚ THÔNG TIN KHÁCH KHI HỌ QUAY LẠI — Khách quay lại, người đón có biết lần trước khách làm gì, kiêng gì — dù hôm đó chị không có mặt? | B10: Có | C10: Chưa ghi lại — chỉ một người nhớ rồi làm | D10: =IF(B10="","⚪ Chưa trả lời",IF(B10="Chưa","🔴 SPA CHƯA LÀM VIỆC GIỮ KHÁCH NÀY",IF(C10="","⚪ Chọn nốt cột C",IF(C10="Đã thành quy trình — có ghi lại, ai làm cũng theo được","🟢 CÓ QUY TRÌNH — AI LÀM CŨNG ĐƯỢC","🟡 CÓ LÀM — NHƯNG PHỤ THUỘC TRÍ NHỚ MỘT NGƯỜI"))))
A11: 6. CHÚC MỪNG DỊP ĐẶC BIỆT CỦA KHÁCH — Sinh nhật khách hoặc dịp riêng của khách, spa có lời chúc nào mà không kèm bán gì không? | B11: Có | C11: Đã thành quy trình — có ghi lại, ai làm cũng theo được | D11: =IF(B11="","⚪ Chưa trả lời",IF(B11="Chưa","🔴 SPA CHƯA LÀM VIỆC GIỮ KHÁCH NÀY",IF(C11="","⚪ Chọn nốt cột C",IF(C11="Đã thành quy trình — có ghi lại, ai làm cũng theo được","🟢 CÓ QUY TRÌNH — AI LÀM CŨNG ĐƯỢC","🟡 CÓ LÀM — NHƯNG PHỤ THUỘC TRÍ NHỚ MỘT NGƯỜI"))))
A12: 7. THEO DÕI TỶ LỆ KHÁCH QUAY LẠI — Cuối tháng chị có biết trong 20 khách gần nhất, bao nhiêu người đã quay lại không? | B12: Chưa | D12: =IF(B12="","⚪ Chưa trả lời",IF(B12="Chưa","🔴 SPA CHƯA LÀM VIỆC GIỮ KHÁCH NÀY",IF(C12="","⚪ Chọn nốt cột C",IF(C12="Đã thành quy trình — có ghi lại, ai làm cũng theo được","🟢 CÓ QUY TRÌNH — AI LÀM CŨNG ĐƯỢC","🟡 CÓ LÀM — NHƯNG PHỤ THUỘC TRÍ NHỚ MỘT NGƯỜI"))))
A14: BƯỚC 2 — SPA CHỊ ĐANG GIỮ ĐƯỢC KHÁCH TỚI ĐÂU?
A15: Chỉ số | B15: Con số | C15: Nghĩa là gì
A16: ① Số việc giữ khách đã có quy trình | B16: =IF('4. CÀI ĐẶT'!$B$5<7,"⚪",IF('4. CÀI ĐẶT'!$B$2<=2,"🔴",IF('4. CÀI ĐẶT'!$B$2<=4,"🟡","🟢"))&" "&'4. CÀI ĐẶT'!$B$2&"/7") | C16: =IF('4. CÀI ĐẶT'!$B$5<7,"Chưa đủ để kết luận — chị còn "&'4. CÀI ĐẶT'!$B$6&" câu chưa trả lời.",IF('4. CÀI ĐẶT'!$B$2=0,"Chưa việc giữ khách nào có quy trình — việc gì cũng phải nhớ rồi mới làm.",'4. CÀI ĐẶT'!$B$2&" việc giữ khách đã có quy trình — có ghi lại, ai làm cũng theo được."))
A17: ② Số việc đang phụ thuộc trí nhớ một người | B17: =IF('4. CÀI ĐẶT'!$B$5<7,"⚪",IF('4. CÀI ĐẶT'!$B$3=0,"🟢",IF('4. CÀI ĐẶT'!$B$3<=2,"🟡","🔴"))&" "&'4. CÀI ĐẶT'!$B$3&"/7") | C17: =IF('4. CÀI ĐẶT'!$B$5<7,"Chưa đủ để kết luận.",IF('4. CÀI ĐẶT'!$B$3=0,"Không việc nào phải phụ thuộc trí nhớ của một người.",'4. CÀI ĐẶT'!$B$3&" việc đang phụ thuộc trí nhớ một người — người đó nghỉ, khách đi theo."))
A18: ③ Số việc giữ khách spa chưa làm | B18: =IF('4. CÀI ĐẶT'!$B$5<7,"⚪",IF('4. CÀI ĐẶT'!$B$4<=1,"🟢",IF('4. CÀI ĐẶT'!$B$4<=3,"🟡","🔴"))&" "&'4. CÀI ĐẶT'!$B$4&"/7") | C18: =IF('4. CÀI ĐẶT'!$B$5<7,"Chưa đủ để kết luận.",IF('4. CÀI ĐẶT'!$B$4=0,"Bảy việc giữ khách spa đều đã làm — khách luôn có lý do quay lại.",'4. CÀI ĐẶT'!$B$4&" việc giữ khách spa chưa làm — ở những chỗ này khách chưa có lý do nào để quay lại."))
A19: ④ Khách của spa chị đang thuộc về ai? | B19: =IF('4. CÀI ĐẶT'!$B$5<7,"⚪",IF(OR('4. CÀI ĐẶT'!$B$4>=4,'4. CÀI ĐẶT'!$B$3>='4. CÀI ĐẶT'!$B$2),"🔴",IF(AND('4. CÀI ĐẶT'!$B$2>=5,'4. CÀI ĐẶT'!$B$3=0),"🟢","🟡"))) | C19: =IF('4. CÀI ĐẶT'!$B$5<7,"Chưa đủ để kết luận — chị trả lời nốt "&'4. CÀI ĐẶT'!$B$6&" câu ở BƯỚC 1.",IF('4. CÀI ĐẶT'!$B$4>=4,"Spa chị chưa làm mấy việc giữ chân khách — làm xong buổi là đứt liên lạc.",IF('4. CÀI ĐẶT'!$B$3>='4. CÀI ĐẶT'!$B$2,"Khách của spa chị đang thuộc về người làm, chưa thuộc về spa.",IF(AND('4. CÀI ĐẶT'!$B$2>=5,'4. CÀI ĐẶT'!$B$3=0),"Khách của spa chị đang thuộc về spa — việc nằm trong sổ sách và quy trình, không nằm trong trí nhớ ai.","Spa chị giữ được một phần — vẫn còn việc phụ thuộc trí nhớ, hoặc chưa làm bao giờ."))))
A21: BƯỚC 3 — MỘT VIỆC LÀM NGAY
A22: =IF('4. CÀI ĐẶT'!$B$5<7,"Chị trả lời nốt "&'4. CÀI ĐẶT'!$B$6&" câu ở BƯỚC 1 (còn ô trống ở cột B, hoặc đã chọn Có mà chưa chọn cột C) để bảng chỉ ra việc cần làm trước.",IF(B6="Chưa","LẬP SỔ KHÁCH: mở sheet 1. SỔ KHÁCH, chép 20 khách gần nhất vào đó. Chưa có sổ thì 6 việc còn lại không giữ được khách.",IF(C6="Chưa ghi lại — chỉ một người nhớ rồi làm","CHUYỂN SỔ KHÁCH VỀ CHỖ CHUNG CỦA SPA: hôm nay chép 20 khách gần nhất sang sheet 1. SỔ KHÁCH. Khách nằm trong điện thoại riêng của ai thì đang thuộc về người đó.",IF(B7="Chưa","CHỐT LỊCH HẸN LẦN SAU: từ mai, trước khi khách ra về thì hẹn luôn ngày quay lại và ghi vào sổ. Đây là việc rẻ nhất mà giữ khách chắc nhất.",IF(B9="Chưa","NHẮC KHÁCH TỚI KỲ: mở sheet 2. KHÁCH CẦN CHĂM SÓC HÔM NAY, xem ai đã tới kỳ rồi nhắn cho 3 người đầu tiên.",IF(B8="Chưa","CHĂM SÓC SAU DỊCH VỤ: chọn 5 khách vừa làm trong 2 ngày qua, nhắn hỏi da khách có ổn không — không bán gì thêm.",IF(B10="Chưa","GHI CHÚ RIÊNG CỦA KHÁCH: sau mỗi buổi làm ghi 1 dòng ""khách thích gì, kiêng gì"" vào sổ, để ai đón khách cũng nhớ thay chị.",IF(B12="Chưa","ĐẾM KHÁCH QUAY LẠI: xem 20 khách gần nhất bao nhiêu người đã quay lại. Sheet 2. KHÁCH CẦN CHĂM SÓC HÔM NAY tự đếm giúp chị.",IF(B11="Chưa","CHÚC MỪNG DỊP ĐẶC BIỆT: ghi ngày sinh khách vào sổ, tháng này chọn 3 người gửi lời chúc — không kèm bán gì.","Bảy việc giữ khách đều đã có quy trình. Giữ nếp, và chuyển sang sheet 1. SỔ KHÁCH để dùng thật hằng ngày.")))))))))
A24: Bước tiếp theo: mở sheet 「1. SỔ KHÁCH」 và chép 20 khách gần nhất vào đó. Sheet 「2. KHÁCH CẦN CHĂM SÓC HÔM NAY」 sẽ tự nhắc chị mỗi ngày cần chăm khách nào — đó là lúc 7 việc này chạy bằng sổ sách, không còn chạy bằng trí nhớ.
A26: Muốn biết vì sao khách không quay lại và phải sửa từ đâu → Chẩn Đoán Sức Khỏe Spa cùng Đàm Thanh Hoa. [Chị dán link/QR vào đây trước khi gửi khách]

Sheet 1. SỔ KHÁCH
A1: 1. SỔ KHÁCH — nơi khách thuộc về spa, không thuộc về trí nhớ ai
A2: Mỗi khách một dòng. Chép 20 khách gần nhất vào trước, sau đó mỗi buổi làm xong ghi thêm 1 dòng (hoặc sửa dòng cũ). Cột J tự chạy — chị không gõ vào cột J.
A4: Tên khách | B4: Số điện thoại | C4: Ngày làm gần nhất | D4: Dịch vụ đã làm | E4: Khách thích / kiêng gì (ghi 1 dòng) | F4: Số lần khách đã tới | G4: Chu kỳ nên quay lại (ngày) | H4: Đã hỏi thăm sau buổi? | I4: Đã hẹn ngày quay lại | J4: Tình trạng khách (bảng tự chạy)
A5: Chị Lan | B5: 0901 234 567 | C5: =TODAY()-1 | D5: Chăm sóc da cơ bản | E5: Da nhạy cảm, không dùng máy nóng | F5: 3 | G5: 30 | H5: Chưa | J5: =IF($A5="","",IF($C5="","⚠️ Thiếu ngày làm gần nhất",IF(AND(TODAY()-$C5<=2,$H5<>"Có"),"💬 Cần nhắn hỏi thăm",IF(AND($I5<>"",$I5>=TODAY()),"📅 Đã hẹn "&TEXT($I5,"dd/mm"),IF(TODAY()-$C5>=2*IF($G5="",30,$G5),"🔴 Lâu rồi chưa quay lại",IF(TODAY()-$C5>=IF($G5="",30,$G5),"🟡 Tới kỳ chăm sóc tiếp","🟢 Chưa tới kỳ — chưa cần làm gì"))))))
A6: Chị Hương | B6: 0902 345 678 | C6: =TODAY()-10 | D6: Triệt lông | E6: Thích phòng yên tĩnh, hay tới buổi tối | F6: 2 | G6: 21 | H6: Có | I6: =TODAY()+4 | J6: =IF($A6="","",IF($C6="","⚠️ Thiếu ngày làm gần nhất",IF(AND(TODAY()-$C6<=2,$H6<>"Có"),"💬 Cần nhắn hỏi thăm",IF(AND($I6<>"",$I6>=TODAY()),"📅 Đã hẹn "&TEXT($I6,"dd/mm"),IF(TODAY()-$C6>=2*IF($G6="",30,$G6),"🔴 Lâu rồi chưa quay lại",IF(TODAY()-$C6>=IF($G6="",30,$G6),"🟡 Tới kỳ chăm sóc tiếp","🟢 Chưa tới kỳ — chưa cần làm gì"))))))
A7: Chị Ngọc | B7: 0903 456 789 | C7: =TODAY()-35 | D7: Trị mụn | E7: Sợ đau, làm nhẹ tay | F7: 1 | G7: 30 | H7: Có | J7: =IF($A7="","",IF($C7="","⚠️ Thiếu ngày làm gần nhất",IF(AND(TODAY()-$C7<=2,$H7<>"Có"),"💬 Cần nhắn hỏi thăm",IF(AND($I7<>"",$I7>=TODAY()),"📅 Đã hẹn "&TEXT($I7,"dd/mm"),IF(TODAY()-$C7>=2*IF($G7="",30,$G7),"🔴 Lâu rồi chưa quay lại",IF(TODAY()-$C7>=IF($G7="",30,$G7),"🟡 Tới kỳ chăm sóc tiếp","🟢 Chưa tới kỳ — chưa cần làm gì"))))))
A8: Chị Thu | B8: 0904 567 890 | C8: =TODAY()-75 | D8: Massage body | E8: Bận cuối tuần, chỉ đi được ngày thường | F8: 1 | G8: 30 | H8: Có | J8: =IF($A8="","",IF($C8="","⚠️ Thiếu ngày làm gần nhất",IF(AND(TODAY()-$C8<=2,$H8<>"Có"),"💬 Cần nhắn hỏi thăm",IF(AND($I8<>"",$I8>=TODAY()),"📅 Đã hẹn "&TEXT($I8,"dd/mm"),IF(TODAY()-$C8>=2*IF($G8="",30,$G8),"🔴 Lâu rồi chưa quay lại",IF(TODAY()-$C8>=IF($G8="",30,$G8),"🟡 Tới kỳ chăm sóc tiếp","🟢 Chưa tới kỳ — chưa cần làm gì"))))))
A9: Chị Mai | B9: 0905 678 901 | C9: =TODAY()-12 | D9: Chăm sóc da | E9: Thích tinh dầu sả chanh | F9: 4 | G9: 30 | H9: Có | J9: =IF($A9="","",IF($C9="","⚠️ Thiếu ngày làm gần nhất",IF(AND(TODAY()-$C9<=2,$H9<>"Có"),"💬 Cần nhắn hỏi thăm",IF(AND($I9<>"",$I9>=TODAY()),"📅 Đã hẹn "&TEXT($I9,"dd/mm"),IF(TODAY()-$C9>=2*IF($G9="",30,$G9),"🔴 Lâu rồi chưa quay lại",IF(TODAY()-$C9>=IF($G9="",30,$G9),"🟡 Tới kỳ chăm sóc tiếp","🟢 Chưa tới kỳ — chưa cần làm gì"))))))
J10: =IF($A10="","",IF($C10="","⚠️ Thiếu ngày làm gần nhất",IF(AND(TODAY()-$C10<=2,$H10<>"Có"),"💬 Cần nhắn hỏi thăm",IF(AND($I10<>"",$I10>=TODAY()),"📅 Đã hẹn "&TEXT($I10,"dd/mm"),IF(TODAY()-$C10>=2*IF($G10="",30,$G10),"🔴 Lâu rồi chưa quay lại",IF(TODAY()-$C10>=IF($G10="",30,$G10),"🟡 Tới kỳ chăm sóc tiếp","🟢 Chưa tới kỳ — chưa cần làm gì"))))))
J11: =IF($A11="","",IF($C11="","⚠️ Thiếu ngày làm gần nhất",IF(AND(TODAY()-$C11<=2,$H11<>"Có"),"💬 Cần nhắn hỏi thăm",IF(AND($I11<>"",$I11>=TODAY()),"📅 Đã hẹn "&TEXT($I11,"dd/mm"),IF(TODAY()-$C11>=2*IF($G11="",30,$G11),"🔴 Lâu rồi chưa quay lại",IF(TODAY()-$C11>=IF($G11="",30,$G11),"🟡 Tới kỳ chăm sóc tiếp","🟢 Chưa tới kỳ — chưa cần làm gì"))))))
J12: =IF($A12="","",IF($C12="","⚠️ Thiếu ngày làm gần nhất",IF(AND(TODAY()-$C12<=2,$H12<>"Có"),"💬 Cần nhắn hỏi thăm",IF(AND($I12<>"",$I12>=TODAY()),"📅 Đã hẹn "&TEXT($I12,"dd/mm"),IF(TODAY()-$C12>=2*IF($G12="",30,$G12),"🔴 Lâu rồi chưa quay lại",IF(TODAY()-$C12>=IF($G12="",30,$G12),"🟡 Tới kỳ chăm sóc tiếp","🟢 Chưa tới kỳ — chưa cần làm gì"))))))
J13: =IF($A13="","",IF($C13="","⚠️ Thiếu ngày làm gần nhất",IF(AND(TODAY()-$C13<=2,$H13<>"Có"),"💬 Cần nhắn hỏi thăm",IF(AND($I13<>"",$I13>=TODAY()),"📅 Đã hẹn "&TEXT($I13,"dd/mm"),IF(TODAY()-$C13>=2*IF($G13="",30,$G13),"🔴 Lâu rồi chưa quay lại",IF(TODAY()-$C13>=IF($G13="",30,$G13),"🟡 Tới kỳ chăm sóc tiếp","🟢 Chưa tới kỳ — chưa cần làm gì"))))))
J14: =IF($A14="","",IF($C14="","⚠️ Thiếu ngày làm gần nhất",IF(AND(TODAY()-$C14<=2,$H14<>"Có"),"💬 Cần nhắn hỏi thăm",IF(AND($I14<>"",$I14>=TODAY()),"📅 Đã hẹn "&TEXT($I14,"dd/mm"),IF(TODAY()-$C14>=2*IF($G14="",30,$G14),"🔴 Lâu rồi chưa quay lại",IF(TODAY()-$C14>=IF($G14="",30,$G14),"🟡 Tới kỳ chăm sóc tiếp","🟢 Chưa tới kỳ — chưa cần làm gì"))))))
J15: =IF($A15="","",IF($C15="","⚠️ Thiếu ngày làm gần nhất",IF(AND(TODAY()-$C15<=2,$H15<>"Có"),"💬 Cần nhắn hỏi thăm",IF(AND($I15<>"",$I15>=TODAY()),"📅 Đã hẹn "&TEXT($I15,"dd/mm"),IF(TODAY()-$C15>=2*IF($G15="",30,$G15),"🔴 Lâu rồi chưa quay lại",IF(TODAY()-$C15>=IF($G15="",30,$G15),"🟡 Tới kỳ chăm sóc tiếp","🟢 Chưa tới kỳ — chưa cần làm gì"))))))
J16: =IF($A16="","",IF($C16="","⚠️ Thiếu ngày làm gần nhất",IF(AND(TODAY()-$C16<=2,$H16<>"Có"),"💬 Cần nhắn hỏi thăm",IF(AND($I16<>"",$I16>=TODAY()),"📅 Đã hẹn "&TEXT($I16,"dd/mm"),IF(TODAY()-$C16>=2*IF($G16="",30,$G16),"🔴 Lâu rồi chưa quay lại",IF(TODAY()-$C16>=IF($G16="",30,$G16),"🟡 Tới kỳ chăm sóc tiếp","🟢 Chưa tới kỳ — chưa cần làm gì"))))))
J17: =IF($A17="","",IF($C17="","⚠️ Thiếu ngày làm gần nhất",IF(AND(TODAY()-$C17<=2,$H17<>"Có"),"💬 Cần nhắn hỏi thăm",IF(AND($I17<>"",$I17>=TODAY()),"📅 Đã hẹn "&TEXT($I17,"dd/mm"),IF(TODAY()-$C17>=2*IF($G17="",30,$G17),"🔴 Lâu rồi chưa quay lại",IF(TODAY()-$C17>=IF($G17="",30,$G17),"🟡 Tới kỳ chăm sóc tiếp","🟢 Chưa tới kỳ — chưa cần làm gì"))))))
J18: =IF($A18="","",IF($C18="","⚠️ Thiếu ngày làm gần nhất",IF(AND(TODAY()-$C18<=2,$H18<>"Có"),"💬 Cần nhắn hỏi thăm",IF(AND($I18<>"",$I18>=TODAY()),"📅 Đã hẹn "&TEXT($I18,"dd/mm"),IF(TODAY()-$C18>=2*IF($G18="",30,$G18),"🔴 Lâu rồi chưa quay lại",IF(TODAY()-$C18>=IF($G18="",30,$G18),"🟡 Tới kỳ chăm sóc tiếp","🟢 Chưa tới kỳ — chưa cần làm gì"))))))
J19: =IF($A19="","",IF($C19="","⚠️ Thiếu ngày làm gần nhất",IF(AND(TODAY()-$C19<=2,$H19<>"Có"),"💬 Cần nhắn hỏi thăm",IF(AND($I19<>"",$I19>=TODAY()),"📅 Đã hẹn "&TEXT($I19,"dd/mm"),IF(TODAY()-$C19>=2*IF($G19="",30,$G19),"🔴 Lâu rồi chưa quay lại",IF(TODAY()-$C19>=IF($G19="",30,$G19),"🟡 Tới kỳ chăm sóc tiếp","🟢 Chưa tới kỳ — chưa cần làm gì"))))))
J20: =IF($A20="","",IF($C20="","⚠️ Thiếu ngày làm gần nhất",IF(AND(TODAY()-$C20<=2,$H20<>"Có"),"💬 Cần nhắn hỏi thăm",IF(AND($I20<>"",$I20>=TODAY()),"📅 Đã hẹn "&TEXT($I20,"dd/mm"),IF(TODAY()-$C20>=2*IF($G20="",30,$G20),"🔴 Lâu rồi chưa quay lại",IF(TODAY()-$C20>=IF($G20="",30,$G20),"🟡 Tới kỳ chăm sóc tiếp","🟢 Chưa tới kỳ — chưa cần làm gì"))))))
J21: =IF($A21="","",IF($C21="","⚠️ Thiếu ngày làm gần nhất",IF(AND(TODAY()-$C21<=2,$H21<>"Có"),"💬 Cần nhắn hỏi thăm",IF(AND($I21<>"",$I21>=TODAY()),"📅 Đã hẹn "&TEXT($I21,"dd/mm"),IF(TODAY()-$C21>=2*IF($G21="",30,$G21),"🔴 Lâu rồi chưa quay lại",IF(TODAY()-$C21>=IF($G21="",30,$G21),"🟡 Tới kỳ chăm sóc tiếp","🟢 Chưa tới kỳ — chưa cần làm gì"))))))
... J504: =IF($A504="","",IF($C504="","⚠️ Thiếu ngày làm gần nhất",IF(AND(TODAY()-$C504<=2,$H504<>"Có"),"💬 Cần nhắn hỏi thăm",IF(AND($I504<>"",$I504>=TODAY()),"📅 Đã hẹn "&TEXT($I504,"dd/mm"),IF(TODAY()-$C504>=2*IF($G504="",30,$G504),"🔴 Lâu rồi chưa quay lại",IF(TODAY()-$C504>=IF($G504="",30,$G504),"🟡 Tới kỳ chăm sóc tiếp","🟢 Chưa tới kỳ — chưa cần làm gì"))))))

Sheet 2. KHÁCH CẦN CHĂM SÓC HÔM NAY
A1: 2. KHÁCH CẦN CHĂM SÓC HÔM NAY
A2: Tự chạy từ sheet 「1. SỔ KHÁCH」 — chị không cần gõ gì ở đây.
A3: ="Hôm nay: "&TEXT(TODAY(),"dd/mm/yyyy")
A5: Việc hôm nay | B5: Số khách | C5: Làm gì
A6: 💬 Khách vừa làm xong — cần nhắn hỏi thăm | B6: ='4. CÀI ĐẶT'!$B$8 | C6: Nhắn hỏi da khách có ổn không. Không bán gì thêm.
A7: 🟡 Khách đã tới kỳ — nên nhắc quay lại | B7: ='4. CÀI ĐẶT'!$B$9 | C7: Nhắn nhắc nhẹ kèm gợi ý ngày trống trong tuần.
A8: 🔴 Khách lâu rồi chưa quay lại | B8: ='4. CÀI ĐẶT'!$B$10 | C8: Chọn 3 người, hỏi thăm trước, đừng chào bán ngay.
A9: 📅 Khách đã hẹn ngày quay lại | B9: ='4. CÀI ĐẶT'!$B$11 | C9: Nhắc lại trước ngày hẹn 1 hôm.
A11: KHÁCH CÓ QUAY LẠI KHÔNG?
A12: Tỷ lệ khách quay lại (từ 2 lần trở lên) | B12: =IF('4. CÀI ĐẶT'!$B$12<10,"⚪",IF('4. CÀI ĐẶT'!$B$14<0.3,"🔴",IF('4. CÀI ĐẶT'!$B$14<0.5,"🟡","🟢"))&" "&TEXT('4. CÀI ĐẶT'!$B$14,"0%")) | C12: =IF('4. CÀI ĐẶT'!$B$12<10,"Chưa đủ — mới có "&'4. CÀI ĐẶT'!$B$12&" khách trong sổ. Ghi đủ 20 khách gần nhất để con số này có nghĩa.",IF('4. CÀI ĐẶT'!$B$14<0.3,"Dưới 30% khách quay lại. Vấn đề không nằm ở tay nghề — spa đang thiếu những việc giữ khách ở lại.",IF('4. CÀI ĐẶT'!$B$14<0.5,"Khách có quay lại nhưng chưa đều — vẫn còn việc giữ khách đang bỏ trống.","Phần lớn khách quay lại — bảy việc giữ khách của spa đang chạy tốt.")))
A14: Việc nên làm hôm nay | B14: =IF('4. CÀI ĐẶT'!$B$12=0,"Sổ khách đang trống. Chép 20 khách gần nhất vào sheet 1. SỔ KHÁCH trước đã.",IF('4. CÀI ĐẶT'!$B$8>0,"Nhắn hỏi thăm "&'4. CÀI ĐẶT'!$B$8&" khách vừa làm xong trong 2 ngày qua.",IF('4. CÀI ĐẶT'!$B$9>0,"Nhắc "&'4. CÀI ĐẶT'!$B$9&" khách đã tới kỳ quay lại — bắt đầu từ 3 người đầu danh sách.",IF('4. CÀI ĐẶT'!$B$10>0,"Hỏi thăm "&'4. CÀI ĐẶT'!$B$10&" khách đang nguội. Hỏi thăm trước, đừng chào bán ngay.","Hôm nay chưa có ai cần nhắn. Giữ nếp ghi sổ sau mỗi buổi làm."))))
A16: Cách xem danh sách tên: sang sheet 「1. SỔ KHÁCH」, bấm mũi tên lọc ở cột J “Tình trạng khách” rồi chọn nhóm chị muốn chăm.
A18: Khách vẫn không quay lại dù spa đã làm đủ 7 việc? → Chẩn Đoán Sức Khỏe Spa cùng Đàm Thanh Hoa. [Chị dán link/QR vào đây trước khi gửi khách]

Sheet 3. HƯỚNG DẪN
A1: 3. HƯỚNG DẪN DÙNG
A2: Bản đồ này trả lời một câu hỏi: khách của spa chị đang thuộc về SPA, hay đang thuộc về trí nhớ của một người?
A4: DÙNG THẾ NÀO — 5 BƯỚC
A5: 1. Bấm File → Tạo bản sao (để có bản của riêng chị, điền được).
A6: 2. Sang sheet 「0. SPA ĐANG GIỮ KHÁCH THẾ NÀO」, xóa câu trả lời mẫu rồi trả lời 7 câu của spa mình (khoảng 5 phút).
A7: 3. Đọc BƯỚC 2 — bốn con số sẽ tự hiện ra, và BƯỚC 3 — một việc nên làm ngay.
A8: 4. Sang sheet 「1. SỔ KHÁCH」, xóa 5 dòng mẫu rồi chép 20 khách gần nhất vào.
A9: 5. Mỗi sáng mở sheet 「2. KHÁCH CẦN CHĂM SÓC HÔM NAY」 — bảng tự nói hôm nay cần chăm khách nào.
A11: KHI NÀO MỘT VIỆC GIỮ KHÁCH MỚI CHẮC CHẮN
A12: Bảy việc trong bảng này việc nào cũng quen. Cái quyết định không phải là spa CÓ làm hay không, mà là việc đó đang nằm ở đâu.
A13: Ví dụ việc nhắn hỏi thăm khách: nếu chỉ một người nhớ mà làm thì hôm người đó nghỉ, khách không ai hỏi thăm — rồi khách đi theo người đó.
A14: Cũng việc đó, nếu được ghi vào sổ và có lịch nhắc thì ai làm cũng được. Khách ở lại với spa, không ở lại với một người.
... A29: Đàm Thanh Hoa

Sheet 4. CÀI ĐẶT
A1: BỘ ĐẾM — sheet kỹ thuật, không sửa
A2: X — việc đã thành nếp (Có + ghi lại được) | B2: =COUNTIFS('0. SPA ĐANG GIỮ KHÁCH THẾ NÀO'!$B$6:$B$12,"Có",'0. SPA ĐANG GIỮ KHÁCH THẾ NÀO'!$C$6:$C$12,"Đã thành quy trình — có ghi lại, ai làm cũng theo được")
A3: Y — việc chỉ một người nhớ (Có + trí nhớ) | B3: =COUNTIFS('0. SPA ĐANG GIỮ KHÁCH THẾ NÀO'!$B$6:$B$12,"Có",'0. SPA ĐANG GIỮ KHÁCH THẾ NÀO'!$C$6:$C$12,"Chưa ghi lại — chỉ một người nhớ rồi làm")
A4: Z — việc chưa làm | B4: =COUNTIF('0. SPA ĐANG GIỮ KHÁCH THẾ NÀO'!$B$6:$B$12,"Chưa")
A5: Số câu đã trả lời trọn vẹn | B5: =B2+B3+B4
A6: Số câu còn thiếu | B6: =7-B5
A8: Đếm 💬 cần hỏi thăm | B8: =COUNTIF('1. SỔ KHÁCH'!$J$5:$J$504,"💬*")
A9: Đếm 🟡 tới kỳ | B9: =COUNTIF('1. SỔ KHÁCH'!$J$5:$J$504,"🟡*")
A10: Đếm 🔴 nguội | B10: =COUNTIF('1. SỔ KHÁCH'!$J$5:$J$504,"🔴*")
A11: Đếm 📅 đã hẹn | B11: =COUNTIF('1. SỔ KHÁCH'!$J$5:$J$504,"📅*")
A12: N — số khách trong sổ | B12: =COUNTA('1. SỔ KHÁCH'!$A$5:$A$504)
A13: M — số khách đã tới từ 2 lần | B13: =COUNTIFS('1. SỔ KHÁCH'!$A$5:$A$504,"?*",'1. SỔ KHÁCH'!$F$5:$F$504,">=2")
A14: Tỷ lệ khách quay lại | B14: =IF(B12=0,0,B13/B12)
