Workbook

Sheet 0. SOI NHANH
A1: 🎁 BỘ KHUNG SOP 3 NGÀY CHO NHÂN VIÊN MỚI
A2: Để một người nghỉ không còn làm loạn cả spa · Đàm Thanh Hoa
A4: BƯỚC 1 — MƯỜI VIỆC NÀY, SPA CHỊ ĐANG BÀN GIAO THẾ NÀO? (5 PHÚT)
A5: Việc người mới phải làm được | B5: Cụ thể là gì | C5: Đang bàn giao thế nào? | D5: Kết quả
A6: 1. Đón khách & chào hỏi | B6: Câu chào, hỏi nhu cầu, mời nước, dẫn khách vào phòng | C6: Chỉ bằng miệng — làm mẫu rồi bảo làm theo | D6: =IF(C6="","⚪ Chưa trả lời",IF(C6="Có bản viết sẵn — người mới đọc là làm được","🟢 ĐÃ THÀNH QUY TRÌNH",IF(C6="Chỉ bằng miệng — làm mẫu rồi bảo làm theo","🟡 NẰM TRONG ĐẦU NGƯỜI CŨ","🔴 CHƯA CÓ GÌ")))
A7: 2. Chuẩn bị phòng & dụng cụ trước ca | B7: Bật máy, trải khăn, soạn sản phẩm, kiểm đồ còn thiếu | C7: Chỉ bằng miệng — làm mẫu rồi bảo làm theo | D7: =IF(C7="","⚪ Chưa trả lời",IF(C7="Có bản viết sẵn — người mới đọc là làm được","🟢 ĐÃ THÀNH QUY TRÌNH",IF(C7="Chỉ bằng miệng — làm mẫu rồi bảo làm theo","🟡 NẰM TRONG ĐẦU NGƯỜI CŨ","🔴 CHƯA CÓ GÌ")))
A8: 3. Vệ sinh & vô trùng dụng cụ | B8: Rửa, ngâm, hấp, cất — làm sai là hại khách | C8: Có bản viết sẵn — người mới đọc là làm được | D8: =IF(C8="","⚪ Chưa trả lời",IF(C8="Có bản viết sẵn — người mới đọc là làm được","🟢 ĐÃ THÀNH QUY TRÌNH",IF(C8="Chỉ bằng miệng — làm mẫu rồi bảo làm theo","🟡 NẰM TRONG ĐẦU NGƯỜI CŨ","🔴 CHƯA CÓ GÌ")))
A9: 4. Quy trình làm dịch vụ chính | B9: Từng bước, thứ tự, thời gian mỗi bước, điều tuyệt đối không làm | C9: Chỉ bằng miệng — làm mẫu rồi bảo làm theo | D9: =IF(C9="","⚪ Chưa trả lời",IF(C9="Có bản viết sẵn — người mới đọc là làm được","🟢 ĐÃ THÀNH QUY TRÌNH",IF(C9="Chỉ bằng miệng — làm mẫu rồi bảo làm theo","🟡 NẰM TRONG ĐẦU NGƯỜI CŨ","🔴 CHƯA CÓ GÌ")))
A10: 5. Ghi hồ sơ khách sau buổi làm | B10: Khách làm gì, da thế nào, thích gì, kiêng gì | C10: Chưa ai chỉ — người mới tự mò | D10: =IF(C10="","⚪ Chưa trả lời",IF(C10="Có bản viết sẵn — người mới đọc là làm được","🟢 ĐÃ THÀNH QUY TRÌNH",IF(C10="Chỉ bằng miệng — làm mẫu rồi bảo làm theo","🟡 NẰM TRONG ĐẦU NGƯỜI CŨ","🔴 CHƯA CÓ GÌ")))
A11: 6. Tư vấn & báo giá | B11: Nói gì, không nói gì, không hứa điều spa không làm được | C11: Chỉ bằng miệng — làm mẫu rồi bảo làm theo | D11: =IF(C11="","⚪ Chưa trả lời",IF(C11="Có bản viết sẵn — người mới đọc là làm được","🟢 ĐÃ THÀNH QUY TRÌNH",IF(C11="Chỉ bằng miệng — làm mẫu rồi bảo làm theo","🟡 NẰM TRONG ĐẦU NGƯỜI CŨ","🔴 CHƯA CÓ GÌ")))
A12: 7. Chốt lịch lần sau cho khách | B12: Hẹn ngày quay lại trước khi khách ra về | C12: Chưa ai chỉ — người mới tự mò | D12: =IF(C12="","⚪ Chưa trả lời",IF(C12="Có bản viết sẵn — người mới đọc là làm được","🟢 ĐÃ THÀNH QUY TRÌNH",IF(C12="Chỉ bằng miệng — làm mẫu rồi bảo làm theo","🟡 NẰM TRONG ĐẦU NGƯỜI CŨ","🔴 CHƯA CÓ GÌ")))
A13: 8. Thu tiền & ghi sổ thu chi | B13: Nhận tiền, ghi lại ngay, cuối ca đối chiếu | C13: Có bản viết sẵn — người mới đọc là làm được | D13: =IF(C13="","⚪ Chưa trả lời",IF(C13="Có bản viết sẵn — người mới đọc là làm được","🟢 ĐÃ THÀNH QUY TRÌNH",IF(C13="Chỉ bằng miệng — làm mẫu rồi bảo làm theo","🟡 NẰM TRONG ĐẦU NGƯỜI CŨ","🔴 CHƯA CÓ GÌ")))
A14: 9. Xử lý tình huống khó | B14: Khách tới trễ, khách đòi giảm giá, khách phàn nàn | C14: Chưa ai chỉ — người mới tự mò | D14: =IF(C14="","⚪ Chưa trả lời",IF(C14="Có bản viết sẵn — người mới đọc là làm được","🟢 ĐÃ THÀNH QUY TRÌNH",IF(C14="Chỉ bằng miệng — làm mẫu rồi bảo làm theo","🟡 NẰM TRONG ĐẦU NGƯỜI CŨ","🔴 CHƯA CÓ GÌ")))
A15: 10. Bàn giao cuối ca | B15: Dọn phòng, kiểm dụng cụ, báo lại chủ việc gì cần biết | C15: Chỉ bằng miệng — làm mẫu rồi bảo làm theo | D15: =IF(C15="","⚪ Chưa trả lời",IF(C15="Có bản viết sẵn — người mới đọc là làm được","🟢 ĐÃ THÀNH QUY TRÌNH",IF(C15="Chỉ bằng miệng — làm mẫu rồi bảo làm theo","🟡 NẰM TRONG ĐẦU NGƯỜI CŨ","🔴 CHƯA CÓ GÌ")))
A17: BƯỚC 2 — NGÀY MAI CÓ NGƯỜI MỚI, SPA CHỊ ĐANG Ở ĐÂU?
A18: Chỉ số | B18: Con số | C18: Nghĩa là gì
A19: ① Việc đã có bản viết sẵn | B19: =IF('4. CÀI ĐẶT'!$B$5<10,"⚪",IF('4. CÀI ĐẶT'!$B$2<=3,"🔴",IF('4. CÀI ĐẶT'!$B$2<=6,"🟡","🟢"))&" "&'4. CÀI ĐẶT'!$B$2&"/10") | C19: =IF('4. CÀI ĐẶT'!$B$5<10,"Chưa đủ để kết luận — chị còn "&'4. CÀI ĐẶT'!$B$6&" việc chưa trả lời.",IF('4. CÀI ĐẶT'!$B$2=0,"Chưa việc nào có bản viết sẵn — người mới không có gì để đọc.",'4. CÀI ĐẶT'!$B$2&" việc người mới đọc là làm được, không cần ai kèm."))
A20: ② Việc chỉ bàn giao bằng miệng | B20: =IF('4. CÀI ĐẶT'!$B$5<10,"⚪",IF('4. CÀI ĐẶT'!$B$3=0,"🟢",IF('4. CÀI ĐẶT'!$B$3<=3,"🟡","🔴"))&" "&'4. CÀI ĐẶT'!$B$3&"/10") | C20: =IF('4. CÀI ĐẶT'!$B$5<10,"Chưa đủ để kết luận.",IF('4. CÀI ĐẶT'!$B$3=0,"Không việc nào phụ thuộc trí nhớ người cũ.",'4. CÀI ĐẶT'!$B$3&" việc đang nằm trong đầu chị hoặc người cũ — người đó nghỉ là mất theo."))
A21: ③ Việc chưa ai chỉ | B21: =IF('4. CÀI ĐẶT'!$B$5<10,"⚪",IF('4. CÀI ĐẶT'!$B$4=0,"🟢",IF('4. CÀI ĐẶT'!$B$4<=2,"🟡","🔴"))&" "&'4. CÀI ĐẶT'!$B$4&"/10") | C21: =IF('4. CÀI ĐẶT'!$B$5<10,"Chưa đủ để kết luận.",IF('4. CÀI ĐẶT'!$B$4=0,"Mười việc đều có người chỉ — người mới không phải tự mò.",'4. CÀI ĐẶT'!$B$4&" việc người mới phải tự mò — vừa làm vừa đoán, khách chịu hậu quả."))
A22: ④ Nếu người cũ nghỉ đột ngột thì sao? | B22: =IF('4. CÀI ĐẶT'!$B$5<10,"⚪",IF(OR('4. CÀI ĐẶT'!$B$4>=3,'4. CÀI ĐẶT'!$B$3+'4. CÀI ĐẶT'!$B$4>='4. CÀI ĐẶT'!$B$2),"🔴",IF(AND('4. CÀI ĐẶT'!$B$2>=7,'4. CÀI ĐẶT'!$B$4=0),"🟢","🟡"))) | C22: =IF('4. CÀI ĐẶT'!$B$5<10,"Chưa đủ để kết luận — chị trả lời nốt "&'4. CÀI ĐẶT'!$B$6&" việc ở BƯỚC 1.",IF('4. CÀI ĐẶT'!$B$4>=3,"Có việc chưa ai chỉ. Người mới vào là vừa làm vừa đoán — và khách là người chịu.",IF('4. CÀI ĐẶT'!$B$3+'4. CÀI ĐẶT'!$B$4>='4. CÀI ĐẶT'!$B$2,"Spa đang chạy bằng trí nhớ người cũ. Người đó nghỉ là loạn — đó là lỗi hệ thống, không phải lỗi của họ.",IF(AND('4. CÀI ĐẶT'!$B$2>=7,'4. CÀI ĐẶT'!$B$4=0),"Người mới đọc là làm được. Spa chị không còn phụ thuộc vào một ai.","Spa đã có phần viết sẵn nhưng chưa đủ — vẫn còn việc phải kèm bằng miệng."))))
A24: BƯỚC 3 — MỘT VIỆC LÀM NGAY
A25: =IF('4. CÀI ĐẶT'!$B$5<10,"Chị trả lời nốt "&'4. CÀI ĐẶT'!$B$6&" việc ở BƯỚC 1 để bảng chỉ ra việc cần viết trước.",IF(C9="Chưa ai chỉ — người mới tự mò","VIẾT NGAY BẢN HƯỚNG DẪN CHO: "&A9&" — mở sheet 1. SOP 3 NGÀY, tìm dòng việc này rồi viết 5–7 gạch đầu dòng đúng cách spa mình đang làm. Đây là việc chưa ai chỉ, để lâu là khách chịu.",IF(C6="Chưa ai chỉ — người mới tự mò","VIẾT NGAY BẢN HƯỚNG DẪN CHO: "&A6&" — mở sheet 1. SOP 3 NGÀY, tìm dòng việc này rồi viết 5–7 gạch đầu dòng đúng cách spa mình đang làm. Đây là việc chưa ai chỉ, để lâu là khách chịu.",IF(C8="Chưa ai chỉ — người mới tự mò","VIẾT NGAY BẢN HƯỚNG DẪN CHO: "&A8&" — mở sheet 1. SOP 3 NGÀY, tìm dòng việc này rồi viết 5–7 gạch đầu dòng đúng cách spa mình đang làm. Đây là việc chưa ai chỉ, để lâu là khách chịu.",IF(C14="Chưa ai chỉ — người mới tự mò","VIẾT NGAY BẢN HƯỚNG DẪN CHO: "&A14&" — mở sheet 1. SOP 3 NGÀY, tìm dòng việc này rồi viết 5–7 gạch đầu dòng đúng cách spa mình đang làm. Đây là việc chưa ai chỉ, để lâu là khách chịu.",IF(C10="Chưa ai chỉ — người mới tự mò","VIẾT NGAY BẢN HƯỚNG DẪN CHO: "&A10&" — mở sheet 1. SOP 3 NGÀY, tìm dòng việc này rồi viết 5–7 gạch đầu dòng đúng cách spa mình đang làm. Đây là việc chưa ai chỉ, để lâu là khách chịu.",IF(C12="Chưa ai chỉ — người mới tự mò","VIẾT NGAY BẢN HƯỚNG DẪN CHO: "&A12&" — mở sheet 1. SOP 3 NGÀY, tìm dòng việc này rồi viết 5–7 gạch đầu dòng đúng cách spa mình đang làm. Đây là việc chưa ai chỉ, để lâu là khách chịu.",IF(C13="Chưa ai chỉ — người mới tự mò","VIẾT NGAY BẢN HƯỚNG DẪN CHO: "&A13&" — mở sheet 1. SOP 3 NGÀY, tìm dòng việc này rồi viết 5–7 gạch đầu dòng đúng cách spa mình đang làm. Đây là việc chưa ai chỉ, để lâu là khách chịu.",IF(C7="Chưa ai chỉ — người mới tự mò","VIẾT NGAY BẢN HƯỚNG DẪN CHO: "&A7&" — mở sheet 1. SOP 3 NGÀY, tìm dòng việc này rồi viết 5–7 gạch đầu dòng đúng cách spa mình đang làm. Đây là việc chưa ai chỉ, để lâu là khách chịu.",IF(C11="Chưa ai chỉ — người mới tự mò","VIẾT NGAY BẢN HƯỚNG DẪN CHO: "&A11&" — mở sheet 1. SOP 3 NGÀY, tìm dòng việc này rồi viết 5–7 gạch đầu dòng đúng cách spa mình đang làm. Đây là việc chưa ai chỉ, để lâu là khách chịu.",IF(C15="Chưa ai chỉ — người mới tự mò","VIẾT NGAY BẢN HƯỚNG DẪN CHO: "&A15&" — mở sheet 1. SOP 3 NGÀY, tìm dòng việc này rồi viết 5–7 gạch đầu dòng đúng cách spa mình đang làm. Đây là việc chưa ai chỉ, để lâu là khách chịu.",IF(C9="Chỉ bằng miệng — làm mẫu rồi bảo làm theo","VIẾT RA GIẤY VIỆC ĐANG NẰM TRONG ĐẦU: "&A9&" — mở sheet 1. SOP 3 NGÀY, tìm dòng việc này rồi viết 5–7 gạch đầu dòng. Viết một lần, dùng cho mọi người mới sau này.",IF(C6="Chỉ bằng miệng — làm mẫu rồi bảo làm theo","VIẾT RA GIẤY VIỆC ĐANG NẰM TRONG ĐẦU: "&A6&" — mở sheet 1. SOP 3 NGÀY, tìm dòng việc này rồi viết 5–7 gạch đầu dòng. Viết một lần, dùng cho mọi người mới sau này.",IF(C8="Chỉ bằng miệng — làm mẫu rồi bảo làm theo","VIẾT RA GIẤY VIỆC ĐANG NẰM TRONG ĐẦU: "&A8&" — mở sheet 1. SOP 3 NGÀY, tìm dòng việc này rồi viết 5–7 gạch đầu dòng. Viết một lần, dùng cho mọi người mới sau này.",IF(C14="Chỉ bằng miệng — làm mẫu rồi bảo làm theo","VIẾT RA GIẤY VIỆC ĐANG NẰM TRONG ĐẦU: "&A14&" — mở sheet 1. SOP 3 NGÀY, tìm dòng việc này rồi viết 5–7 gạch đầu dòng. Viết một lần, dùng cho mọi người mới sau này.",IF(C10="Chỉ bằng miệng — làm mẫu rồi bảo làm theo","VIẾT RA GIẤY VIỆC ĐANG NẰM TRONG ĐẦU: "&A10&" — mở sheet 1. SOP 3 NGÀY, tìm dòng việc này rồi viết 5–7 gạch đầu dòng. Viết một lần, dùng cho mọi người mới sau này.",IF(C12="Chỉ bằng miệng — làm mẫu rồi bảo làm theo","VIẾT RA GIẤY VIỆC ĐANG NẰM TRONG ĐẦU: "&A12&" — mở sheet 1. SOP 3 NGÀY, tìm dòng việc này rồi viết 5–7 gạch đầu dòng. Viết một lần, dùng cho mọi người mới sau này.",IF(C13="Chỉ bằng miệng — làm mẫu rồi bảo làm theo","VIẾT RA GIẤY VIỆC ĐANG NẰM TRONG ĐẦU: "&A13&" — mở sheet 1. SOP 3 NGÀY, tìm dòng việc này rồi viết 5–7 gạch đầu dòng. Viết một lần, dùng cho mọi người mới sau này.",IF(C7="Chỉ bằng miệng — làm mẫu rồi bảo làm theo","VIẾT RA GIẤY VIỆC ĐANG NẰM TRONG ĐẦU: "&A7&" — mở sheet 1. SOP 3 NGÀY, tìm dòng việc này rồi viết 5–7 gạch đầu dòng. Viết một lần, dùng cho mọi người mới sau này.",IF(C11="Chỉ bằng miệng — làm mẫu rồi bảo làm theo","VIẾT RA GIẤY VIỆC ĐANG NẰM TRONG ĐẦU: "&A11&" — mở sheet 1. SOP 3 NGÀY, tìm dòng việc này rồi viết 5–7 gạch đầu dòng. Viết một lần, dùng cho mọi người mới sau này.",IF(C15="Chỉ bằng miệng — làm mẫu rồi bảo làm theo","VIẾT RA GIẤY VIỆC ĐANG NẰM TRONG ĐẦU: "&A15&" — mở sheet 1. SOP 3 NGÀY, tìm dòng việc này rồi viết 5–7 gạch đầu dòng. Viết một lần, dùng cho mọi người mới sau này.","Mười việc đều đã có bản viết sẵn. Bước tiếp: mở sheet 1. SOP 3 NGÀY, xếp chúng vào lịch 3 ngày và dùng cho người mới đầu tiên.")))))))))))))))))))))
A27: Bước tiếp theo: mở sheet 「1. SOP 3 NGÀY」 — khung 24 mục đã xếp sẵn theo Ngày 1 / Ngày 2 / Ngày 3. Chị chỉ điền nội dung của spa mình vào cột “Chị viết sẵn ở đâu”, rồi dùng cột tiến độ để theo dõi người mới.
A29: Muốn xây hệ thống để vắng chị spa vẫn chạy → Chẩn Đoán Sức Khỏe Spa cùng Đàm Thanh Hoa. [Chị dán link/QR vào đây trước khi gửi khách]

Sheet 1. SOP 3 NGÀY
A1: 1. BỘ KHUNG SOP 3 NGÀY — người mới đọc là làm được
A2: Khung này là bộ xương — thịt là của spa chị. Với mỗi mục, chị ghi vào cột D chỗ có bản hướng dẫn (tên file, trang sổ, link, hoặc video quay bằng điện thoại). Cột F dùng để theo dõi người mới tới đâu.
A4: Ngày | B4: Buổi | C4: Việc người mới phải nắm | D4: Chị viết sẵn ở đâu (file / trang sổ / link / video) | E4: Ai hướng dẫn | F4: Người mới đã làm được chưa? | G4: Ghi chú
A5: Ngày 1 | B5: Sáng | C5: Giới thiệu spa: chủ là ai, spa phục vụ ai, điều spa không bao giờ làm với khách | F5: Chưa
A6: Ngày 1 | B6: Sáng | C6: Bảng giá & các gói dịch vụ: tên dịch vụ, thời lượng, giá | F6: Chưa
A7: Ngày 1 | B7: Sáng | C7: Đón khách & chào hỏi: câu chào, hỏi nhu cầu, mời nước, dẫn vào phòng | F7: Chưa
A8: Ngày 1 | B8: Sáng | C8: Nội quy & giờ giấc: ca làm, đồng phục, điện thoại, ăn uống | F8: Chưa
A9: Ngày 1 | B9: Chiều | C9: Chuẩn bị phòng, máy móc, dụng cụ trước ca | F9: Chưa
A10: Ngày 1 | B10: Chiều | C10: Vệ sinh & vô trùng dụng cụ — xem làm mẫu 1 lần, tự làm 1 lần | F10: Chưa
A11: Ngày 1 | B11: Chiều | C11: Quan sát trọn 1 ca dịch vụ từ đón khách tới tiễn khách | F11: Chưa
A12: Ngày 1 | B12: Chiều | C12: Bàn giao cuối ca: dọn phòng, kiểm dụng cụ, báo lại chủ | F12: Chưa
A13: Ngày 2 | B13: Sáng | C13: Quy trình làm dịch vụ chính: đọc bản hướng dẫn, nhắc lại từng bước | F13: Chưa
A14: Ngày 2 | B14: Sáng | C14: Tự làm 1 ca có người kèm sát bên cạnh | F14: Chưa
A15: Ngày 2 | B15: Sáng | C15: Ghi hồ sơ khách sau buổi làm: làm gì, da thế nào, thích gì, kiêng gì | F15: Chưa
A16: Ngày 2 | B16: Sáng | C16: Chốt lịch lần sau cho khách trước khi khách ra về | F16: Chưa
... A28: Ngày 3 | B28: Chiều | C28: Hẹn mốc kiểm lại sau 7 ngày | F28: Chưa
A29: ↓ CHỖ TRỐNG ĐỂ CHỊ THÊM VIỆC RIÊNG CỦA SPA MÌNH — điền Ngày, Buổi và việc cần dạy. Bảng ở sheet 2 tự tính thêm, chị không phải sửa gì.
A38: Thêm việc riêng của spa chị: điền vào 8 dòng trống ở trên (hết chỗ thì bấm chuột phải một dòng → Chèn thêm 1 dòng bên dưới). Muốn bỏ mục nào không hợp với spa mình thì cứ xóa nội dung ở cột “Việc người mới phải nắm” — bảng tự tính lại. | Dùng lại cho người mới tiếp theo: bấm chuột phải sheet này → Sao chép, rồi đặt lại cột F về “Chưa”. Cột D giữ nguyên — đó là tài sản của spa, viết một lần dùng mãi.

Sheet 2. NGƯỜI MỚI TỚI ĐÂU
A1: 2. NGƯỜI MỚI TỚI ĐÂU RỒI
A2: Tự chạy từ sheet 「1. SOP 3 NGÀY」 — chị không cần gõ gì ở đây.
A4: Chỉ số | B4: Con số | C4: Nghĩa là gì
A5: Người mới tự làm được | B5: ='4. CÀI ĐẶT'!$B$11 | C5: ="Trên tổng số "&'4. CÀI ĐẶT'!$B$10&" mục đang có trong khung 3 ngày (kể cả mục chị tự thêm)."
A6: Mới xem qua, chưa tự làm | B6: ='4. CÀI ĐẶT'!$B$12 | C6: ="Còn phải đứng kèm ở "&'4. CÀI ĐẶT'!$B$12&" mục."
A7: Chưa đụng tới | B7: ='4. CÀI ĐẶT'!$B$13 | C7: ="Còn "&'4. CÀI ĐẶT'!$B$13&" mục chưa bắt đầu."
A8: Mục CHƯA có bản viết sẵn | B8: ='4. CÀI ĐẶT'!$B$15 | C8: =IF('4. CÀI ĐẶT'!$B$15=0,"Mục nào cũng có chỗ để người mới đọc lại — không phải hỏi ai.",'4. CÀI ĐẶT'!$B$15&" mục vẫn đang bàn giao bằng miệng. Mỗi lần có người mới là chị phải kèm lại từ đầu.")
A10: NGƯỜI MỚI ĐÃ ĐỨNG CA MỘT MÌNH ĐƯỢC CHƯA?
A11: Mức sẵn sàng | B11: =IF('4. CÀI ĐẶT'!$B$10=0,"⚪",IF('4. CÀI ĐẶT'!$B$14<0.4,"🔴",IF('4. CÀI ĐẶT'!$B$14<0.8,"🟡","🟢"))&" "&TEXT('4. CÀI ĐẶT'!$B$14,"0%")) | C11: =IF('4. CÀI ĐẶT'!$B$10=0,"Khung đang trống — chị mở sheet 1. SOP 3 NGÀY trước đã.",IF('4. CÀI ĐẶT'!$B$14<0.4,"Chưa thể để đứng ca một mình. Còn phải kèm sát.",IF('4. CÀI ĐẶT'!$B$14<0.8,"Đứng ca được nhưng cần người ở gần để hỏi.","Đứng ca một mình được. Chị chuyển sang kiểm tra ngẫu nhiên thay vì kèm.")))
A13: Việc nên làm hôm nay | B13: =IF('4. CÀI ĐẶT'!$B$10=0,"Mở sheet 1. SOP 3 NGÀY và bắt đầu điền cột “Chị viết sẵn ở đâu”.",IF('4. CÀI ĐẶT'!$B$15>0,"Viết bản hướng dẫn cho "&'4. CÀI ĐẶT'!$B$15&" mục còn trống ở cột D — mỗi mục 5–7 gạch đầu dòng là đủ.",IF('4. CÀI ĐẶT'!$B$13>0,"Cho người mới bắt đầu "&'4. CÀI ĐẶT'!$B$13&" mục chưa đụng tới, theo đúng thứ tự Ngày 1 → Ngày 3.",IF('4. CÀI ĐẶT'!$B$12>0,"Cho người mới TỰ LÀM "&'4. CÀI ĐẶT'!$B$12&" mục mới chỉ xem qua — đứng xa quan sát, đừng làm thay.","Người mới đã tự làm được cả 24 mục. Hẹn mốc kiểm lại sau 7 ngày."))))
A15: Nhắc: mục nào cột D còn trống thì việc đó vẫn nằm trong đầu chị. Người mới này chạy được, nhưng người mới lần sau chị vẫn phải kèm lại từ đầu.
A17: Muốn xây hệ thống để vắng chị spa vẫn chạy → Chẩn Đoán Sức Khỏe Spa cùng Đàm Thanh Hoa. [Chị dán link/QR vào đây trước khi gửi khách]

Sheet 3. HƯỚNG DẪN
A1: 3. HƯỚNG DẪN DÙNG
A2: Một người nghỉ mà cả tiệm loạn — đó là lỗi hệ thống, không phải lỗi con người. Bộ khung này để chị lấy việc ra khỏi đầu mình và đặt lên giấy.
A4: DÙNG THẾ NÀO — 5 BƯỚC
A5: 1. Bấm File → Tạo bản sao (để có bản của riêng chị, điền được).
A6: 2. Sang sheet 「0. SOI NHANH」, xóa câu trả lời mẫu rồi chọn thật cho 10 việc (khoảng 5 phút).
A7: 3. Đọc BƯỚC 2 — bốn con số, và BƯỚC 3 — một việc cần viết ra trước nhất.
A8: 4. Sang sheet 「1. SOP 3 NGÀY」, điền cột “Chị viết sẵn ở đâu”. Chưa có gì thì viết 5–7 gạch đầu dòng, hoặc quay 1 video điện thoại rồi ghi link vào.
A9: 5. Khi có người mới, dùng cột “Người mới đã làm được chưa?” để theo dõi. Sheet 「2. NGƯỜI MỚI TỚI ĐÂU」 tự nói hôm nay nên làm gì.
A10: Khung 24 mục là gợi ý — chị thêm việc riêng của spa mình vào 8 dòng trống cuối sheet, hoặc xóa mục không hợp. Xem mục “Muốn thêm việc của riêng spa mình” bên dưới.
A12: BA NGÀY LÀ BA MỤC TIÊU KHÁC NHAU
A13: • Ngày 1 — HIỂU: người mới hiểu spa phục vụ ai, làm được việc nền (chuẩn bị, vệ sinh, đón khách) và xem trọn một ca.
A14: • Ngày 2 — LÀM ĐƯỢC: tự làm dịch vụ chính có người kèm, biết ghi hồ sơ khách, chốt lịch, thu tiền.
... A36: Đàm Thanh Hoa

Sheet 4. CÀI ĐẶT
A1: BỘ ĐẾM — sheet kỹ thuật, không sửa
A2: X — việc đã có bản viết sẵn | B2: =COUNTIF('0. SOI NHANH'!$C$6:$C$15,"Có bản viết sẵn — người mới đọc là làm được")
A3: Y — việc chỉ bàn giao bằng miệng | B3: =COUNTIF('0. SOI NHANH'!$C$6:$C$15,"Chỉ bằng miệng — làm mẫu rồi bảo làm theo")
A4: Z — việc chưa ai chỉ | B4: =COUNTIF('0. SOI NHANH'!$C$6:$C$15,"Chưa ai chỉ — người mới tự mò")
A5: Số việc đã trả lời | B5: =B2+B3+B4
A6: Số việc còn thiếu | B6: =10-B5
A10: Tổng số mục trong khung 3 ngày | B10: =COUNTA('1. SOP 3 NGÀY'!$C$5:$C$36)
A11: Mục người mới tự làm được | B11: =COUNTIFS('1. SOP 3 NGÀY'!$C$5:$C$36,"?*",'1. SOP 3 NGÀY'!$F$5:$F$36,"Tự làm được")
A12: Mục mới xem qua | B12: =COUNTIFS('1. SOP 3 NGÀY'!$C$5:$C$36,"?*",'1. SOP 3 NGÀY'!$F$5:$F$36,"Đã xem qua")
A13: Mục chưa đụng tới | B13: =B10-B11-B12
A14: Mức sẵn sàng | B14: =IF(B10=0,0,B11/B10)
A15: Mục chưa có bản viết sẵn (cột D trống) | B15: =B10-COUNTIFS('1. SOP 3 NGÀY'!$C$5:$C$36,"?*",'1. SOP 3 NGÀY'!$D$5:$D$36,"?*")
